collection,config,k,prefetch_limit,prefetch_mode,rescorer,recall@k,mrr@k,ndcg@k,p50_ms,p95_ms,p99_ms,qps
test_binary,../qdrant-load/configs/config_binary.yml,10,25,hybrid,colbert,0.94,0.7147,0.7701,132.65,306.86,591.09,48.93
test_binary,../qdrant-load/configs/config_binary.yml,10,50,hybrid,colbert,0.954,0.7149,0.7734,62.92,306.96,410.03,62.61
test_binary,../qdrant-load/configs/config_binary.yml,10,100,hybrid,colbert,0.942,0.7101,0.7669,54.03,307.32,597.74,63.04
test_binary,../qdrant-load/configs/config_binary.yml,20,25,hybrid,colbert,0.96,0.7165,0.7756,110.5,306.36,451.37,62.5
test_binary,../qdrant-load/configs/config_binary.yml,20,50,hybrid,colbert,0.972,0.7159,0.7777,110.5,270.64,600.23,62.59
test_binary,../qdrant-load/configs/config_binary.yml,20,100,hybrid,colbert,0.966,0.715,0.7758,109.17,269.0,840.32,59.81
test_binary,../qdrant-load/configs/config_binary.yml,10,25,hybrid,cross-encoder,0.95,0.7145,0.7721,331.3,812.84,912.25,2.18
test_binary,../qdrant-load/configs/config_binary.yml,10,50,hybrid,cross-encoder,0.958,0.7167,0.7756,906.38,2057.07,2516.47,0.9
test_binary,../qdrant-load/configs/config_binary.yml,10,100,hybrid,cross-encoder,0.954,0.7159,0.7741,2021.02,3994.81,4719.93,0.44
test_binary,../qdrant-load/configs/config_binary.yml,20,25,hybrid,cross-encoder,0.96,0.7152,0.7746,434.06,909.52,1102.08,2.02
test_binary,../qdrant-load/configs/config_binary.yml,20,50,hybrid,cross-encoder,0.97,0.7176,0.7787,1138.18,2047.01,2419.42,0.85
test_binary,../qdrant-load/configs/config_binary.yml,20,100,hybrid,cross-encoder,0.974,0.7173,0.7792,2280.42,4049.55,4391.32,0.43
test_binary,../qdrant-load/configs/config_binary.yml,10,25,hybrid,rrf,0.934,0.647,0.7167,27.75,31.81,37.73,251.37
test_binary,../qdrant-load/configs/config_binary.yml,10,50,hybrid,rrf,0.934,0.6424,0.7131,27.75,30.72,38.62,204.81
test_binary,../qdrant-load/configs/config_binary.yml,10,100,hybrid,rrf,0.934,0.6526,0.7206,27.97,31.42,37.78,223.81
test_binary,../qdrant-load/configs/config_binary.yml,20,25,hybrid,rrf,0.956,0.6432,0.7182,70.69,82.9,90.66,120.28
test_binary,../qdrant-load/configs/config_binary.yml,20,50,hybrid,rrf,0.954,0.6474,0.7209,71.01,88.83,173.55,108.6
test_binary,../qdrant-load/configs/config_binary.yml,20,100,hybrid,rrf,0.952,0.6465,0.7198,71.59,89.66,91.45,109.28
test_binary,../qdrant-load/configs/config_binary.yml,10,25,sparseonly,colbert,0.876,0.6779,0.7265,48.52,90.17,116.39,70.56
test_binary,../qdrant-load/configs/config_binary.yml,10,50,sparseonly,colbert,0.892,0.687,0.7374,70.26,102.55,212.35,70.76
test_binary,../qdrant-load/configs/config_binary.yml,10,100,sparseonly,colbert,0.914,0.6998,0.7524,67.33,115.18,206.13,70.46
test_binary,../qdrant-load/configs/config_binary.yml,20,25,sparseonly,colbert,0.882,0.6785,0.7282,79.33,142.33,243.26,70.13
test_binary,../qdrant-load/configs/config_binary.yml,20,50,sparseonly,colbert,0.908,0.6885,0.7419,89.73,157.46,242.35,68.94
test_binary,../qdrant-load/configs/config_binary.yml,20,100,sparseonly,colbert,0.926,0.7003,0.7552,99.51,219.35,310.08,69.84
test_binary,../qdrant-load/configs/config_binary.yml,10,25,sparseonly,cross-encoder,0.876,0.6757,0.7249,370.92,918.28,1108.43,1.94
test_binary,../qdrant-load/configs/config_binary.yml,10,50,sparseonly,cross-encoder,0.898,0.6916,0.7425,1011.6,2155.3,2460.83,0.85
test_binary,../qdrant-load/configs/config_binary.yml,10,100,sparseonly,cross-encoder,0.85,0.6503,0.6996,2177.25,4806.31,5730.44,0.36
test_binary,../qdrant-load/configs/config_binary.yml,20,25,sparseonly,cross-encoder,0.812,0.6221,0.6687,657.62,1186.83,1492.2,1.62
test_binary,../qdrant-load/configs/config_binary.yml,20,50,sparseonly,cross-encoder,0.844,0.6427,0.6921,1496.88,2550.78,2960.59,0.72
test_binary,../qdrant-load/configs/config_binary.yml,20,100,sparseonly,cross-encoder,0.862,0.6513,0.7029,3061.95,4660.28,5298.24,0.37
test_float16_binary,../qdrant-load/configs/config_float16_binary.yml,10,25,hybrid,colbert,0.944,0.7154,0.7715,38.5,43.32,48.36,63.48
test_float16_binary,../qdrant-load/configs/config_float16_binary.yml,10,50,hybrid,colbert,0.954,0.7146,0.7731,38.46,44.17,51.56,63.2
test_float16_binary,../qdrant-load/configs/config_float16_binary.yml,10,100,hybrid,colbert,0.946,0.7123,0.7696,39.31,45.7,49.66,62.98
test_float16_binary,../qdrant-load/configs/config_float16_binary.yml,20,25,hybrid,colbert,0.96,0.7165,0.7756,89.13,100.35,107.64,63.15
test_float16_binary,../qdrant-load/configs/config_float16_binary.yml,20,50,hybrid,colbert,0.97,0.7155,0.7769,89.71,100.48,108.84,62.87
test_float16_binary,../qdrant-load/configs/config_float16_binary.yml,20,100,hybrid,colbert,0.968,0.7152,0.7763,90.05,101.54,118.78,58.82
test_float16_binary,../qdrant-load/configs/config_float16_binary.yml,10,25,hybrid,cross-encoder,0.95,0.7144,0.772,334.44,830.24,948.0,2.15
test_float16_binary,../qdrant-load/configs/config_float16_binary.yml,10,50,hybrid,cross-encoder,0.956,0.7161,0.7747,1139.52,2011.89,2323.63,0.85
test_float16_binary,../qdrant-load/configs/config_float16_binary.yml,10,100,hybrid,cross-encoder,0.954,0.7159,0.7741,2319.21,4122.47,4611.63,0.42
test_float16_binary,../qdrant-load/configs/config_float16_binary.yml,20,25,hybrid,cross-encoder,0.96,0.7152,0.7746,461.12,932.56,1139.39,1.94
test_float16_binary,../qdrant-load/configs/config_float16_binary.yml,20,50,hybrid,cross-encoder,0.968,0.717,0.7778,1519.18,2459.17,2901.87,0.69
test_float16_binary,../qdrant-load/configs/config_float16_binary.yml,20,100,hybrid,cross-encoder,0.974,0.7173,0.7792,3084.92,4577.18,5884.2,0.4
test_float16_binary,../qdrant-load/configs/config_float16_binary.yml,10,25,hybrid,rrf,0.934,0.6384,0.7102,27.13,36.23,45.51,222.79
test_float16_binary,../qdrant-load/configs/config_float16_binary.yml,10,50,hybrid,rrf,0.934,0.645,0.7151,27.52,36.37,50.27,267.47
test_float16_binary,../qdrant-load/configs/config_float16_binary.yml,10,100,hybrid,rrf,0.934,0.6476,0.717,28.03,36.69,46.98,202.4
test_float16_binary,../qdrant-load/configs/config_float16_binary.yml,20,25,hybrid,rrf,0.956,0.6422,0.7174,27.61,36.26,43.71,257.62
test_float16_binary,../qdrant-load/configs/config_float16_binary.yml,20,50,hybrid,rrf,0.954,0.6477,0.7211,28.03,37.61,43.22,254.65
test_float16_binary,../qdrant-load/configs/config_float16_binary.yml,20,100,hybrid,rrf,0.952,0.6514,0.7235,28.05,36.48,43.0,268.56
test_float16_binary,../qdrant-load/configs/config_float16_binary.yml,10,25,sparseonly,colbert,0.878,0.6781,0.7271,36.48,41.72,46.75,70.81
test_float16_binary,../qdrant-load/configs/config_float16_binary.yml,10,50,sparseonly,colbert,0.898,0.6879,0.7394,36.42,46.67,120.24,70.82
test_float16_binary,../qdrant-load/configs/config_float16_binary.yml,10,100,sparseonly,colbert,0.914,0.6982,0.7512,37.79,43.0,50.98,70.33
test_float16_binary,../qdrant-load/configs/config_float16_binary.yml,20,25,sparseonly,colbert,0.882,0.678,0.7278,39.24,95.83,100.51,70.16
test_float16_binary,../qdrant-load/configs/config_float16_binary.yml,20,50,sparseonly,colbert,0.908,0.6884,0.7419,39.16,95.16,100.61,70.23
test_float16_binary,../qdrant-load/configs/config_float16_binary.yml,20,100,sparseonly,colbert,0.928,0.6995,0.7551,42.4,98.36,100.79,68.87
test_float16_binary,../qdrant-load/configs/config_float16_binary.yml,10,25,sparseonly,cross-encoder,0.876,0.6757,0.7249,394.59,949.59,1114.6,1.92
test_float16_binary,../qdrant-load/configs/config_float16_binary.yml,10,50,sparseonly,cross-encoder,0.898,0.6916,0.7425,1149.16,2192.35,2573.14,0.84
test_float16_binary,../qdrant-load/configs/config_float16_binary.yml,10,100,sparseonly,cross-encoder,0.916,0.6999,0.7532,2394.82,4039.96,4705.77,0.43
test_float16_binary,../qdrant-load/configs/config_float16_binary.yml,20,25,sparseonly,cross-encoder,0.882,0.6762,0.7265,562.53,989.69,1126.53,1.98
test_float16_binary,../qdrant-load/configs/config_float16_binary.yml,20,50,sparseonly,cross-encoder,0.908,0.6924,0.7451,1128.55,2117.53,2516.92,0.85
test_float16_binary,../qdrant-load/configs/config_float16_binary.yml,20,100,sparseonly,cross-encoder,0.93,0.701,0.7569,2316.24,4075.89,4535.93,0.43
test_float16_noquant,../qdrant-load/configs/config_float16_noquant.yml,10,25,hybrid,colbert,0.946,0.7151,0.7717,38.59,45.28,86.78,62.27
test_float16_noquant,../qdrant-load/configs/config_float16_noquant.yml,10,50,hybrid,colbert,0.952,0.7138,0.772,38.88,45.67,71.74,63.01
test_float16_noquant,../qdrant-load/configs/config_float16_noquant.yml,10,100,hybrid,colbert,0.954,0.7137,0.7723,39.6,44.83,50.08,62.64
test_float16_noquant,../qdrant-load/configs/config_float16_noquant.yml,20,25,hybrid,colbert,0.96,0.7162,0.7754,89.7,100.46,109.08,62.9
test_float16_noquant,../qdrant-load/configs/config_float16_noquant.yml,20,50,hybrid,colbert,0.97,0.7152,0.7767,90.02,101.07,109.09,60.16
test_float16_noquant,../qdrant-load/configs/config_float16_noquant.yml,20,100,hybrid,colbert,0.968,0.7148,0.776,90.43,108.67,190.0,62.51
test_float16_noquant,../qdrant-load/configs/config_float16_noquant.yml,10,25,hybrid,cross-encoder,0.95,0.7145,0.7721,335.23,830.91,980.07,2.2
test_float16_noquant,../qdrant-load/configs/config_float16_noquant.yml,10,50,hybrid,cross-encoder,0.956,0.7162,0.7748,983.69,2137.69,2415.65,0.87
test_float16_noquant,../qdrant-load/configs/config_float16_noquant.yml,10,100,hybrid,cross-encoder,0.954,0.7161,0.7742,2241.89,3991.63,4477.23,0.43
test_float16_noquant,../qdrant-load/configs/config_float16_noquant.yml,20,25,hybrid,cross-encoder,0.96,0.7152,0.7747,465.99,909.69,1082.26,2.0
test_float16_noquant,../qdrant-load/configs/config_float16_noquant.yml,20,50,hybrid,cross-encoder,0.97,0.7172,0.7784,1042.73,2103.83,2442.08,0.88
test_float16_noquant,../qdrant-load/configs/config_float16_noquant.yml,20,100,hybrid,cross-encoder,0.974,0.7175,0.7793,2072.57,4039.85,4517.65,0.43
test_float16_noquant,../qdrant-load/configs/config_float16_noquant.yml,10,25,hybrid,rrf,0.934,0.6497,0.7186,25.91,29.14,30.9,290.56
test_float16_noquant,../qdrant-load/configs/config_float16_noquant.yml,10,50,hybrid,rrf,0.934,0.6456,0.7156,26.17,29.9,32.32,292.69
test_float16_noquant,../qdrant-load/configs/config_float16_noquant.yml,10,100,hybrid,rrf,0.934,0.646,0.7158,26.05,29.42,31.0,292.6
test_float16_noquant,../qdrant-load/configs/config_float16_noquant.yml,20,25,hybrid,rrf,0.956,0.6483,0.722,26.66,30.73,34.98,284.63
test_float16_noquant,../qdrant-load/configs/config_float16_noquant.yml,20,50,hybrid,rrf,0.954,0.6503,0.723,26.81,31.09,36.58,292.06
test_float16_noquant,../qdrant-load/configs/config_float16_noquant.yml,20,100,hybrid,rrf,0.952,0.6468,0.72,27.01,30.59,36.67,291.45
test_float16_noquant,../qdrant-load/configs/config_float16_noquant.yml,10,25,sparseonly,colbert,0.876,0.6775,0.7261,36.43,41.6,46.98,67.86
test_float16_noquant,../qdrant-load/configs/config_float16_noquant.yml,10,50,sparseonly,colbert,0.898,0.6876,0.7392,38.33,44.97,50.41,68.58
test_float16_noquant,../qdrant-load/configs/config_float16_noquant.yml,10,100,sparseonly,colbert,0.918,0.6987,0.7525,38.49,45.99,98.19,69.92
test_float16_noquant,../qdrant-load/configs/config_float16_noquant.yml,20,25,sparseonly,colbert,0.882,0.678,0.7278,39.64,94.3,101.0,69.82
test_float16_noquant,../qdrant-load/configs/config_float16_noquant.yml,20,50,sparseonly,colbert,0.908,0.6884,0.7418,40.78,99.51,130.98,69.94
test_float16_noquant,../qdrant-load/configs/config_float16_noquant.yml,20,100,sparseonly,colbert,0.928,0.6995,0.755,41.16,99.67,101.66,70.25
test_float16_noquant,../qdrant-load/configs/config_float16_noquant.yml,10,25,sparseonly,cross-encoder,0.876,0.6755,0.7248,386.71,930.62,1134.21,1.92
test_float16_noquant,../qdrant-load/configs/config_float16_noquant.yml,10,50,sparseonly,cross-encoder,0.898,0.6916,0.7425,1067.82,2163.11,2675.34,0.88
test_float16_noquant,../qdrant-load/configs/config_float16_noquant.yml,10,100,sparseonly,cross-encoder,0.916,0.6999,0.7532,2035.01,4045.48,4585.32,0.44
test_float16_noquant,../qdrant-load/configs/config_float16_noquant.yml,20,25,sparseonly,cross-encoder,0.882,0.676,0.7264,496.29,949.8,1151.89,1.96
test_float16_noquant,../qdrant-load/configs/config_float16_noquant.yml,20,50,sparseonly,cross-encoder,0.908,0.6924,0.7451,973.58,2189.61,2483.72,0.89
test_float16_noquant,../qdrant-load/configs/config_float16_noquant.yml,20,100,sparseonly,cross-encoder,0.93,0.701,0.7569,2059.63,4037.24,4723.24,0.45
test_float32_noquant,../qdrant-load/configs/config_float32_noquant.yml,10,25,hybrid,colbert,0.944,0.7152,0.7714,41.56,59.35,70.94,60.15
test_float32_noquant,../qdrant-load/configs/config_float32_noquant.yml,10,50,hybrid,colbert,0.952,0.7142,0.7723,39.98,46.65,62.19,62.63
test_float32_noquant,../qdrant-load/configs/config_float32_noquant.yml,10,100,hybrid,colbert,0.954,0.7141,0.7726,40.74,52.23,64.06,62.9
test_float32_noquant,../qdrant-load/configs/config_float32_noquant.yml,20,25,hybrid,colbert,0.96,0.7165,0.7756,89.68,100.51,101.57,60.47
test_float32_noquant,../qdrant-load/configs/config_float32_noquant.yml,20,50,hybrid,colbert,0.97,0.7155,0.777,89.74,100.85,101.64,60.31
test_float32_noquant,../qdrant-load/configs/config_float32_noquant.yml,20,100,hybrid,colbert,0.968,0.7151,0.7763,89.82,100.87,110.35,58.88
test_float32_noquant,../qdrant-load/configs/config_float32_noquant.yml,10,25,hybrid,cross-encoder,0.95,0.7145,0.7721,324.73,804.75,970.26,2.15
test_float32_noquant,../qdrant-load/configs/config_float32_noquant.yml,10,50,hybrid,cross-encoder,0.956,0.7162,0.7748,944.04,2017.1,2366.26,0.89
test_float32_noquant,../qdrant-load/configs/config_float32_noquant.yml,10,100,hybrid,cross-encoder,0.954,0.7159,0.7741,1959.18,3940.61,4482.11,0.44
test_float32_noquant,../qdrant-load/configs/config_float32_noquant.yml,20,25,hybrid,cross-encoder,0.96,0.7152,0.7746,477.02,1018.71,1235.09,2.06
test_float32_noquant,../qdrant-load/configs/config_float32_noquant.yml,20,50,hybrid,cross-encoder,0.968,0.7171,0.7779,917.79,2086.32,2634.3,0.9
test_float32_noquant,../qdrant-load/configs/config_float32_noquant.yml,20,100,hybrid,cross-encoder,0.974,0.7173,0.7792,2006.89,3927.28,4490.61,0.44
test_float32_noquant,../qdrant-load/configs/config_float32_noquant.yml,10,25,hybrid,rrf,0.934,0.636,0.7085,25.08,28.16,33.06,307.57
test_float32_noquant,../qdrant-load/configs/config_float32_noquant.yml,10,50,hybrid,rrf,0.934,0.6462,0.716,25.52,28.95,32.75,305.85
test_float32_noquant,../qdrant-load/configs/config_float32_noquant.yml,10,100,hybrid,rrf,0.934,0.646,0.7158,25.44,39.39,122.75,298.64
test_float32_noquant,../qdrant-load/configs/config_float32_noquant.yml,20,25,hybrid,rrf,0.956,0.6418,0.7171,25.66,29.09,30.47,301.52
test_float32_noquant,../qdrant-load/configs/config_float32_noquant.yml,20,50,hybrid,rrf,0.952,0.6465,0.7198,25.8,28.87,33.03,296.77
test_float32_noquant,../qdrant-load/configs/config_float32_noquant.yml,20,100,hybrid,rrf,0.952,0.6491,0.7217,25.9,29.02,34.01,301.32
test_float32_noquant,../qdrant-load/configs/config_float32_noquant.yml,10,25,sparseonly,colbert,0.876,0.6778,0.7264,36.28,41.17,47.69,70.52
test_float32_noquant,../qdrant-load/configs/config_float32_noquant.yml,10,50,sparseonly,colbert,0.898,0.6877,0.7393,38.4,44.31,48.81,70.16
test_float32_noquant,../qdrant-load/configs/config_float32_noquant.yml,10,100,sparseonly,colbert,0.918,0.6998,0.7533,38.5,45.34,56.25,70.34
test_float32_noquant,../qdrant-load/configs/config_float32_noquant.yml,20,25,sparseonly,colbert,0.882,0.6785,0.7282,40.45,94.19,100.51,69.84
test_float32_noquant,../qdrant-load/configs/config_float32_noquant.yml,20,50,sparseonly,colbert,0.908,0.6885,0.7419,42.8,98.43,108.25,66.53
test_float32_noquant,../qdrant-load/configs/config_float32_noquant.yml,20,100,sparseonly,colbert,0.928,0.7006,0.7558,45.0,99.77,107.59,67.86
test_float32_noquant,../qdrant-load/configs/config_float32_noquant.yml,10,25,sparseonly,cross-encoder,0.876,0.6757,0.7249,375.52,958.37,1216.05,2.04
test_float32_noquant,../qdrant-load/configs/config_float32_noquant.yml,10,50,sparseonly,cross-encoder,0.898,0.6916,0.7425,1021.77,2076.02,2440.97,0.9
test_float32_noquant,../qdrant-load/configs/config_float32_noquant.yml,10,100,sparseonly,cross-encoder,0.916,0.6999,0.7532,1908.47,3967.61,4632.35,0.45
test_float32_noquant,../qdrant-load/configs/config_float32_noquant.yml,20,25,sparseonly,cross-encoder,0.882,0.6762,0.7265,475.14,956.15,1121.53,2.04
test_float32_noquant,../qdrant-load/configs/config_float32_noquant.yml,20,50,sparseonly,cross-encoder,0.908,0.6924,0.7451,972.03,2103.15,2490.25,0.9
test_float32_noquant,../qdrant-load/configs/config_float32_noquant.yml,20,100,sparseonly,cross-encoder,0.93,0.701,0.7569,1827.67,3996.24,4762.23,0.45
test_product_x16,../qdrant-load/configs/config_product_x16.yml,10,25,hybrid,colbert,0.948,0.7074,0.7663,41.6,49.94,57.33,63.14
test_product_x16,../qdrant-load/configs/config_product_x16.yml,10,50,hybrid,colbert,0.954,0.704,0.765,44.45,51.5,59.41,63.25
test_product_x16,../qdrant-load/configs/config_product_x16.yml,10,100,hybrid,colbert,0.946,0.7143,0.7708,48.58,57.21,66.33,62.45
test_product_x16,../qdrant-load/configs/config_product_x16.yml,20,25,hybrid,colbert,0.958,0.7048,0.7663,90.95,101.93,111.43,61.89
test_product_x16,../qdrant-load/configs/config_product_x16.yml,20,50,hybrid,colbert,0.97,0.7003,0.7652,90.37,101.14,109.21,62.61
test_product_x16,../qdrant-load/configs/config_product_x16.yml,20,100,hybrid,colbert,0.966,0.6987,0.763,92.32,110.44,143.52,60.83
test_product_x16,../qdrant-load/configs/config_product_x16.yml,10,25,hybrid,cross-encoder,0.95,0.7146,0.7722,324.68,796.95,1026.96,2.2
test_product_x16,../qdrant-load/configs/config_product_x16.yml,10,50,hybrid,cross-encoder,0.954,0.7146,0.7731,946.68,2060.37,2457.32,0.9
test_product_x16,../qdrant-load/configs/config_product_x16.yml,10,100,hybrid,cross-encoder,0.954,0.7159,0.7742,2500.62,4411.12,5338.78,0.38
test_product_x16,../qdrant-load/configs/config_product_x16.yml,20,25,hybrid,cross-encoder,0.958,0.7149,0.774,630.05,1039.97,1186.57,1.67
test_product_x16,../qdrant-load/configs/config_product_x16.yml,20,50,hybrid,cross-encoder,0.966,0.7155,0.7762,1558.6,2472.78,2932.58,0.74
test_product_x16,../qdrant-load/configs/config_product_x16.yml,20,100,hybrid,cross-encoder,0.976,0.7175,0.7798,3283.66,5000.33,6032.1,0.32
test_product_x16,../qdrant-load/configs/config_product_x16.yml,10,25,hybrid,rrf,0.918,0.6258,0.6968,25.71,30.39,35.82,275.87
test_product_x16,../qdrant-load/configs/config_product_x16.yml,10,50,hybrid,rrf,0.918,0.6324,0.7017,26.19,31.54,36.53,286.18
test_product_x16,../qdrant-load/configs/config_product_x16.yml,10,100,hybrid,rrf,0.918,0.6299,0.6998,25.92,31.78,36.14,274.28
test_product_x16,../qdrant-load/configs/config_product_x16.yml,20,25,hybrid,rrf,0.956,0.6272,0.7055,25.88,31.39,41.57,283.85
test_product_x16,../qdrant-load/configs/config_product_x16.yml,20,50,hybrid,rrf,0.956,0.6326,0.7095,26.4,31.91,36.79,254.06
test_product_x16,../qdrant-load/configs/config_product_x16.yml,20,100,hybrid,rrf,0.956,0.6316,0.7088,26.27,31.92,46.95,264.87
test_product_x16,../qdrant-load/configs/config_product_x16.yml,10,25,sparseonly,colbert,0.878,0.6806,0.7288,38.89,45.18,55.03,68.85
test_product_x16,../qdrant-load/configs/config_product_x16.yml,10,50,sparseonly,colbert,0.9,0.6811,0.7348,40.15,47.43,60.24,70.7
test_product_x16,../qdrant-load/configs/config_product_x16.yml,10,100,sparseonly,colbert,0.92,0.6913,0.7474,39.67,47.1,53.67,68.81
test_product_x16,../qdrant-load/configs/config_product_x16.yml,20,25,sparseonly,colbert,0.882,0.6601,0.7145,42.42,100.33,102.62,67.12
test_product_x16,../qdrant-load/configs/config_product_x16.yml,20,50,sparseonly,colbert,0.908,0.6847,0.739,42.8,98.98,100.94,70.21
test_product_x16,../qdrant-load/configs/config_product_x16.yml,20,100,sparseonly,colbert,0.926,0.7,0.7549,44.51,100.75,111.04,70.31
test_product_x16,../qdrant-load/configs/config_product_x16.yml,10,25,sparseonly,cross-encoder,0.876,0.6757,0.7249,690.66,1178.71,1466.26,1.45
test_product_x16,../qdrant-load/configs/config_product_x16.yml,10,50,sparseonly,cross-encoder,0.898,0.6916,0.7425,1427.77,2533.38,3149.66,0.78
test_product_x16,../qdrant-load/configs/config_product_x16.yml,10,100,sparseonly,cross-encoder,0.916,0.6999,0.7532,2604.77,3713.69,4259.65,0.41
test_product_x16,../qdrant-load/configs/config_product_x16.yml,20,25,sparseonly,cross-encoder,0.882,0.6762,0.7265,561.73,799.2,1062.36,1.65
test_product_x16,../qdrant-load/configs/config_product_x16.yml,20,50,sparseonly,cross-encoder,0.908,0.6924,0.7451,1676.49,2575.58,3273.14,0.61
test_product_x16,../qdrant-load/configs/config_product_x16.yml,20,100,sparseonly,cross-encoder,0.93,0.701,0.7569,3619.09,5269.75,5840.72,0.32
test_scalar_int8,../qdrant-load/configs/config_scalar_int8.yml,10,25,hybrid,colbert,0.946,0.7128,0.77,39.77,46.71,58.57,62.94
test_scalar_int8,../qdrant-load/configs/config_scalar_int8.yml,10,50,hybrid,colbert,0.95,0.7024,0.7632,41.01,48.51,62.07,63.11
test_scalar_int8,../qdrant-load/configs/config_scalar_int8.yml,10,100,hybrid,colbert,0.952,0.7074,0.7671,39.66,46.42,51.43,62.53
test_scalar_int8,../qdrant-load/configs/config_scalar_int8.yml,20,25,hybrid,colbert,0.96,0.7116,0.7719,89.52,101.36,160.31,62.14
test_scalar_int8,../qdrant-load/configs/config_scalar_int8.yml,20,50,hybrid,colbert,0.97,0.7119,0.7742,89.59,100.38,107.98,62.75
test_scalar_int8,../qdrant-load/configs/config_scalar_int8.yml,20,100,hybrid,colbert,0.97,0.7097,0.7727,89.82,101.09,110.95,62.98
test_scalar_int8,../qdrant-load/configs/config_scalar_int8.yml,10,25,hybrid,cross-encoder,0.95,0.7145,0.7721,644.15,1121.74,1322.22,1.44
test_scalar_int8,../qdrant-load/configs/config_scalar_int8.yml,10,50,hybrid,cross-encoder,0.954,0.7141,0.7727,1687.08,2430.78,2808.79,0.65
test_scalar_int8,../qdrant-load/configs/config_scalar_int8.yml,10,100,hybrid,cross-encoder,0.954,0.7159,0.7741,3440.06,5033.13,5904.24,0.31
test_scalar_int8,../qdrant-load/configs/config_scalar_int8.yml,20,25,hybrid,cross-encoder,0.96,0.7152,0.7747,740.45,1060.46,1304.43,1.45
test_scalar_int8,../qdrant-load/configs/config_scalar_int8.yml,20,50,hybrid,cross-encoder,0.966,0.715,0.7758,768.4,1910.31,2171.17,0.91
test_scalar_int8,../qdrant-load/configs/config_scalar_int8.yml,20,100,hybrid,cross-encoder,0.974,0.7173,0.7792,2356.78,4035.75,4490.15,0.42
test_scalar_int8,../qdrant-load/configs/config_scalar_int8.yml,10,25,hybrid,rrf,0.934,0.6458,0.7157,26.34,31.32,36.72,293.27
test_scalar_int8,../qdrant-load/configs/config_scalar_int8.yml,10,50,hybrid,rrf,0.932,0.6543,0.7215,26.5,30.36,35.49,280.35
test_scalar_int8,../qdrant-load/configs/config_scalar_int8.yml,10,100,hybrid,rrf,0.934,0.6448,0.7149,26.53,32.05,36.43,279.19
test_scalar_int8,../qdrant-load/configs/config_scalar_int8.yml,20,25,hybrid,rrf,0.954,0.6413,0.7164,25.77,30.76,37.65,254.35
test_scalar_int8,../qdrant-load/configs/config_scalar_int8.yml,20,50,hybrid,rrf,0.954,0.6463,0.7201,26.51,30.23,35.34,267.64
test_scalar_int8,../qdrant-load/configs/config_scalar_int8.yml,20,100,hybrid,rrf,0.952,0.6473,0.7203,27.27,32.33,39.16,288.96
test_scalar_int8,../qdrant-load/configs/config_scalar_int8.yml,10,25,sparseonly,colbert,0.878,0.6725,0.723,37.97,45.64,69.68,68.12
test_scalar_int8,../qdrant-load/configs/config_scalar_int8.yml,10,50,sparseonly,colbert,0.9,0.6858,0.7383,36.71,46.69,72.08,69.06
test_scalar_int8,../qdrant-load/configs/config_scalar_int8.yml,10,100,sparseonly,colbert,0.918,0.6989,0.7525,38.5,44.66,50.57,70.39
test_scalar_int8,../qdrant-load/configs/config_scalar_int8.yml,20,25,sparseonly,colbert,0.882,0.6706,0.7223,41.08,96.25,101.11,70.03
test_scalar_int8,../qdrant-load/configs/config_scalar_int8.yml,20,50,sparseonly,colbert,0.908,0.6853,0.7396,40.24,98.09,110.53,67.58
test_scalar_int8,../qdrant-load/configs/config_scalar_int8.yml,20,100,sparseonly,colbert,0.928,0.7069,0.7607,40.65,95.77,100.39,70.25
test_scalar_int8,../qdrant-load/configs/config_scalar_int8.yml,10,25,sparseonly,cross-encoder,0.876,0.6755,0.7248,473.07,983.86,1104.23,1.82
test_scalar_int8,../qdrant-load/configs/config_scalar_int8.yml,10,50,sparseonly,cross-encoder,0.898,0.6916,0.7425,1301.24,2137.94,2389.59,0.82
test_scalar_int8,../qdrant-load/configs/config_scalar_int8.yml,10,100,sparseonly,cross-encoder,0.916,0.6999,0.7532,2500.06,4055.5,4471.77,0.41
test_scalar_int8,../qdrant-load/configs/config_scalar_int8.yml,20,25,sparseonly,cross-encoder,0.882,0.676,0.7264,594.16,967.76,1116.14,1.81
test_scalar_int8,../qdrant-load/configs/config_scalar_int8.yml,20,50,sparseonly,cross-encoder,0.908,0.6924,0.7451,1328.94,2180.65,2593.66,0.81
test_scalar_int8,../qdrant-load/configs/config_scalar_int8.yml,20,100,sparseonly,cross-encoder,0.93,0.701,0.7569,2239.96,4118.38,4768.42,0.42
test_turbo4_noquant,../qdrant-load/configs/config_turbo4_noquant.yml,10,25,hybrid,colbert,0.944,0.7069,0.7652,40.6,46.38,51.72,61.12
test_turbo4_noquant,../qdrant-load/configs/config_turbo4_noquant.yml,10,50,hybrid,colbert,0.952,0.7056,0.7659,41.46,49.12,55.89,63.27
test_turbo4_noquant,../qdrant-load/configs/config_turbo4_noquant.yml,10,100,hybrid,colbert,0.95,0.7044,0.7646,42.96,49.89,57.94,62.1
test_turbo4_noquant,../qdrant-load/configs/config_turbo4_noquant.yml,20,25,hybrid,colbert,0.958,0.708,0.7688,90.09,101.47,162.16,60.55
test_turbo4_noquant,../qdrant-load/configs/config_turbo4_noquant.yml,20,50,hybrid,colbert,0.968,0.7067,0.77,89.95,101.24,131.26,62.66
test_turbo4_noquant,../qdrant-load/configs/config_turbo4_noquant.yml,20,100,hybrid,colbert,0.966,0.7056,0.7688,90.71,101.91,111.83,62.72
test_turbo4_noquant,../qdrant-load/configs/config_turbo4_noquant.yml,10,25,hybrid,cross-encoder,0.948,0.7142,0.7714,336.4,864.55,1076.49,1.99
test_turbo4_noquant,../qdrant-load/configs/config_turbo4_noquant.yml,10,50,hybrid,cross-encoder,0.956,0.7161,0.7747,1309.42,2032.25,2539.56,0.81
test_turbo4_noquant,../qdrant-load/configs/config_turbo4_noquant.yml,10,100,hybrid,cross-encoder,0.954,0.716,0.7742,2668.54,4069.22,4626.07,0.41
test_turbo4_noquant,../qdrant-load/configs/config_turbo4_noquant.yml,20,25,hybrid,cross-encoder,0.958,0.7149,0.774,550.17,926.33,1065.11,1.94
test_turbo4_noquant,../qdrant-load/configs/config_turbo4_noquant.yml,20,50,hybrid,cross-encoder,0.968,0.717,0.7778,1237.95,2109.49,2414.23,0.83
test_turbo4_noquant,../qdrant-load/configs/config_turbo4_noquant.yml,20,100,hybrid,cross-encoder,0.974,0.7175,0.7793,2469.25,4027.13,4751.12,0.42
test_turbo4_noquant,../qdrant-load/configs/config_turbo4_noquant.yml,10,25,hybrid,rrf,0.932,0.6391,0.7104,27.6,34.03,41.19,262.44
test_turbo4_noquant,../qdrant-load/configs/config_turbo4_noquant.yml,10,50,hybrid,rrf,0.932,0.6455,0.715,27.81,36.77,43.38,280.43
test_turbo4_noquant,../qdrant-load/configs/config_turbo4_noquant.yml,10,100,hybrid,rrf,0.932,0.6448,0.7146,28.0,36.18,45.13,264.0
test_turbo4_noquant,../qdrant-load/configs/config_turbo4_noquant.yml,20,25,hybrid,rrf,0.952,0.6444,0.7183,27.79,35.74,43.03,267.73
test_turbo4_noquant,../qdrant-load/configs/config_turbo4_noquant.yml,20,50,hybrid,rrf,0.954,0.6473,0.7208,27.71,34.67,40.1,259.61
test_turbo4_noquant,../qdrant-load/configs/config_turbo4_noquant.yml,20,100,hybrid,rrf,0.954,0.6456,0.7196,28.81,38.7,47.75,238.35
test_turbo4_noquant,../qdrant-load/configs/config_turbo4_noquant.yml,10,25,sparseonly,colbert,0.878,0.6701,0.7211,37.78,43.36,51.9,70.74
test_turbo4_noquant,../qdrant-load/configs/config_turbo4_noquant.yml,10,50,sparseonly,colbert,0.896,0.6816,0.7343,38.62,45.22,52.86,70.46
test_turbo4_noquant,../qdrant-load/configs/config_turbo4_noquant.yml,10,100,sparseonly,colbert,0.916,0.6919,0.747,40.79,47.62,53.64,70.48
test_turbo4_noquant,../qdrant-load/configs/config_turbo4_noquant.yml,20,25,sparseonly,colbert,0.882,0.6704,0.7222,39.7,100.36,127.02,68.32
test_turbo4_noquant,../qdrant-load/configs/config_turbo4_noquant.yml,20,50,sparseonly,colbert,0.906,0.6823,0.7369,41.93,98.94,104.59,69.95
test_turbo4_noquant,../qdrant-load/configs/config_turbo4_noquant.yml,20,100,sparseonly,colbert,0.924,0.6925,0.7491,44.44,100.21,104.47,69.95
test_turbo4_noquant,../qdrant-load/configs/config_turbo4_noquant.yml,10,25,sparseonly,cross-encoder,0.876,0.6757,0.7249,409.52,958.74,1153.69,1.95
test_turbo4_noquant,../qdrant-load/configs/config_turbo4_noquant.yml,10,50,sparseonly,cross-encoder,0.898,0.6916,0.7425,1231.08,2198.67,2662.06,0.85
test_turbo4_noquant,../qdrant-load/configs/config_turbo4_noquant.yml,10,100,sparseonly,cross-encoder,0.916,0.6999,0.7532,2307.07,4011.27,4515.86,0.44
test_turbo4_noquant,../qdrant-load/configs/config_turbo4_noquant.yml,20,25,sparseonly,cross-encoder,0.882,0.6762,0.7265,530.23,940.92,1124.26,1.94
test_turbo4_noquant,../qdrant-load/configs/config_turbo4_noquant.yml,20,50,sparseonly,cross-encoder,0.908,0.6924,0.7451,1138.48,2146.96,2542.23,0.86
test_turbo4_noquant,../qdrant-load/configs/config_turbo4_noquant.yml,20,100,sparseonly,cross-encoder,0.93,0.701,0.7569,2039.41,4044.26,4711.71,0.44
test_turbo4_tq1,../qdrant-load/configs/config_tubo4_bits1.yml,10,25,hybrid,colbert,0.944,0.7053,0.764,44.1,70.08,113.17,63.13
test_turbo4_tq1,../qdrant-load/configs/config_tubo4_bits1.yml,10,50,hybrid,colbert,0.952,0.7061,0.7664,45.17,79.7,100.54,62.41
test_turbo4_tq1,../qdrant-load/configs/config_tubo4_bits1.yml,10,100,hybrid,colbert,0.946,0.704,0.7634,51.3,87.12,110.27,63.37
test_turbo4_tq1,../qdrant-load/configs/config_tubo4_bits1.yml,20,25,hybrid,colbert,0.96,0.7089,0.7701,91.25,129.88,171.71,60.77
test_turbo4_tq1,../qdrant-load/configs/config_tubo4_bits1.yml,20,50,hybrid,colbert,0.956,0.7036,0.7651,98.21,138.12,160.1,62.8
test_turbo4_tq1,../qdrant-load/configs/config_tubo4_bits1.yml,20,100,hybrid,colbert,0.964,0.705,0.7679,100.43,138.25,181.49,60.91
test_turbo4_tq1,../qdrant-load/configs/config_tubo4_bits1.yml,10,25,hybrid,cross-encoder,0.95,0.7122,0.7703,336.86,879.58,1060.65,2.21
test_turbo4_tq1,../qdrant-load/configs/config_tubo4_bits1.yml,10,50,hybrid,cross-encoder,0.956,0.7176,0.7759,965.83,2133.73,2489.08,0.88
test_turbo4_tq1,../qdrant-load/configs/config_tubo4_bits1.yml,10,100,hybrid,cross-encoder,0.954,0.7158,0.774,2141.05,3986.67,4397.13,0.43
test_turbo4_tq1,../qdrant-load/configs/config_tubo4_bits1.yml,20,25,hybrid,cross-encoder,0.962,0.7139,0.7742,461.97,914.41,1162.43,1.95
test_turbo4_tq1,../qdrant-load/configs/config_tubo4_bits1.yml,20,50,hybrid,cross-encoder,0.972,0.7188,0.78,1198.96,2065.24,2451.69,0.87
test_turbo4_tq1,../qdrant-load/configs/config_tubo4_bits1.yml,20,100,hybrid,cross-encoder,0.972,0.717,0.7786,2347.35,3907.7,4394.34,0.43
test_turbo4_tq1,../qdrant-load/configs/config_tubo4_bits1.yml,10,25,hybrid,rrf,0.926,0.639,0.7089,26.71,30.0,33.13,289.09
test_turbo4_tq1,../qdrant-load/configs/config_tubo4_bits1.yml,10,50,hybrid,rrf,0.932,0.6384,0.7097,26.66,30.02,36.1,295.12
test_turbo4_tq1,../qdrant-load/configs/config_tubo4_bits1.yml,10,100,hybrid,rrf,0.932,0.64,0.7109,26.83,29.95,32.2,300.28
test_turbo4_tq1,../qdrant-load/configs/config_tubo4_bits1.yml,20,25,hybrid,rrf,0.952,0.6305,0.7076,27.02,30.57,36.69,291.33
test_turbo4_tq1,../qdrant-load/configs/config_tubo4_bits1.yml,20,50,hybrid,rrf,0.954,0.6393,0.7148,27.45,30.66,36.66,286.74
test_turbo4_tq1,../qdrant-load/configs/config_tubo4_bits1.yml,20,100,hybrid,rrf,0.954,0.6423,0.7171,27.9,33.84,45.52,292.3
test_turbo4_tq1,../qdrant-load/configs/config_tubo4_bits1.yml,10,25,sparseonly,colbert,0.878,0.6702,0.7213,39.92,59.4,68.54,70.53
test_turbo4_tq1,../qdrant-load/configs/config_tubo4_bits1.yml,10,50,sparseonly,colbert,0.902,0.6811,0.7353,41.49,49.35,77.08,70.66
test_turbo4_tq1,../qdrant-load/configs/config_tubo4_bits1.yml,10,100,sparseonly,colbert,0.922,0.6915,0.7481,49.73,75.4,130.55,70.44
test_turbo4_tq1,../qdrant-load/configs/config_tubo4_bits1.yml,20,25,sparseonly,colbert,0.882,0.6704,0.7222,47.14,110.87,131.0,68.9
test_turbo4_tq1,../qdrant-load/configs/config_tubo4_bits1.yml,20,50,sparseonly,colbert,0.904,0.6823,0.7365,64.47,114.37,137.97,65.97
test_turbo4_tq1,../qdrant-load/configs/config_tubo4_bits1.yml,20,100,sparseonly,colbert,0.924,0.6926,0.7492,51.09,110.22,145.45,58.76
test_turbo4_tq1,../qdrant-load/configs/config_tubo4_bits1.yml,10,25,sparseonly,cross-encoder,0.876,0.6757,0.7249,404.68,945.99,1144.11,1.9
test_turbo4_tq1,../qdrant-load/configs/config_tubo4_bits1.yml,10,50,sparseonly,cross-encoder,0.898,0.6916,0.7425,1129.05,2187.92,2470.18,0.86
test_turbo4_tq1,../qdrant-load/configs/config_tubo4_bits1.yml,10,100,sparseonly,cross-encoder,0.916,0.6999,0.7532,2147.91,4061.34,4699.93,0.44
test_turbo4_tq1,../qdrant-load/configs/config_tubo4_bits1.yml,20,25,sparseonly,cross-encoder,0.882,0.6762,0.7265,500.18,955.19,1142.68,1.94
test_turbo4_tq1,../qdrant-load/configs/config_tubo4_bits1.yml,20,50,sparseonly,cross-encoder,0.908,0.6924,0.7451,1121.7,2130.61,2530.47,0.85
test_turbo4_tq1,../qdrant-load/configs/config_tubo4_bits1.yml,20,100,sparseonly,cross-encoder,0.93,0.701,0.7569,2155.34,4085.25,4637.63,0.44
